PLMN;countycode;carriername;url;bundlename
20221;GR;Cell Mobile;;;
20403;NL;Enreach;https://www.enreach.com/;;
20407;NL;Teleena;https://www.tatacommunications.com;;
20409;NL;Lycamobile;https://www.lycamobile.nl/;;
20417;NL;Lebara;https://www.lebara.nl/;;
20603;BE;Citymesh Connect;https://www.citymesh.be/;20613/20603;
20613;BE;Citymesh Connect;https://www.citymesh.be/;20613/20603;
20804;FR;Nexera;;;
20817;FR;LEGOS;https://legos.io/;;
20822;FR;Transatel Mobile;https://www.transatel.com;;
20825;FR;LycaMobile;https://www.lycamobile.fr/;;
20828;FR;AIF;https://airmob.net;;
20834;FR;Cellhire;https://www.cellhire.com/;;
20837;FR;IP Directions;https://ipdirections.net;
20838;FR;Lebara;https://www.lebara.fr/;;
20839;FR;Netwo;https://www.netwo.io/;;
21402;ES;Cube Móvil;https://www.cubemovil.es/;;
21405;ES;Carrier;https://www.movistar.es;;
21410;ES;Carrier;http://www.orange.es/;;
21414;ES;Avatel;https://avatel.es;;
21422;ES;DIGI mobil;https://www.digimobil.es;;
21434;ES;Aire;https://airetech.es;;
22233;IT;PosteMobile;https://www.postemobile.it;;
22235;IT;Lycamobile;https://www.lycamobile.it/;;
22249;IT;Vianova;https://www.vianova.it;;
22253;IT;CoopVoce;https://www.coopvoce.it;;
22254;IT;Plintron;https://plintron.com/italy/;;
22256;IT;spusu;https://www.spusu.it;;
22854;CH;Lycamobile;https://www.lycamobile.ch/;;
22858;CH;beeone;https://www.beeone.ch;;
22865;CH;Nexphone;https://www.nexphone.ch;;
22869;CH;MTEL;https://mtel.ch/;;
22871;CH;spusu;https://www.spusu.ch/;;
22872;CH;SolNet;https://www.solnet.ch;;
22873;CH;iWay;https://www.iway.ch;;
22874;CH;net+;https://www.netplus.ch/fr;;
23103;SK;4ka;https://www.4ka.sk;;
23208;AT;Lycamobile;https://www.lycamobile.at/;;
23217;AT;spusu;https://www.spusu.at;;
23220;AT;m:tel;https://mtel.at;;
23229;AT;aicall;https://www.aicall.at;;
23405;GB;Spitfire;https://www.spitfire.co.uk;;
23427;GB;Teleena;https://www.tatacommunications.com;;
23440;GB;spusu;https://www.spusu.co.uk;;
23487;GB;Lebara;https://www.lebara.co.uk/;;
23812;DK;Lycamobile;https://www.lycamobile.dk/;;
24012;SE;Lycamobile;https://www.lycamobile.se/;;
24209;NO;Com4;https://www.com4.no/;;
24223;NO;Lycamobile;https://www.lyca-mobile.no/;;
25915;MD;IDC;https://idc.md/;;
26009;PL;Lycamobile;https://www.lycamobile.pl/;;
26214;DE;Airdata;https://www.airdata.ag;;
26220;DE;Enreach;https://enreach.de/;;
26221;DE;spusu;https://www.spusu.de;;
26222;DE;sipgate;https://www.sipgate.de;;
26224;DE;TelcoVillage;https://www.telcovillage.com;;
26225;DE;MTEL;https://www.mtelgermany.de;;
26243;DE;Lycamobile;https://www.lycamobile.de/;;
26804;PT;LycaMobile;https://www.lycamobile.pt/;;
27213;IE;Lycamobile;https://www.lycamobile.ie/;;
28022;CY;lemontel;http://lemontel.com.cy;;
28613;TR;Netgsm;https://www.netgsm.com.tr;
28622;TR;;;;
37005;DO;Wind;https://www.wind.com.do;;
41750;SY;Rcell;https://rcell.me/;;
41892;IQ;Omnnea;https://alkafeelomnnea.com/;;
41909;KW;;;;
42005;SA;Virgin Mobile;http://virginmobile.sa/;;
42006;SA;Lebara Mobile;https://lebara.sa;;
42521;IL;Xphone;https://xphone.co.il;;
42526;IL;Annatel;https://www.annatel.co.il;;
42833;MN;ONDO;https://ondo.mn;;
45707;LA;Best;https://besttelecom.la/;;
47004;BD;Teletalk;https://www.teletalk.com.bd/;;
50588;AU;Pivotel;https://www.pivotel.com.au;;
52510;SG;SIMBA;https://simba.sg;;
54705;PF;Ora;https://www.ora.pf;;
54715;PF;Vodafone;https://www.vodafone.pf;;
55299;PW;PMCI;https://pmci.pw;;
60600;LY;Libyana;https://libyana.ly;;
60703;GM;Comium;https://comium.gm;;
61908;SL;Smart Mobile;http://www.smart.sl;;
63517;RW;KTRN;https://www.ktrn.rw;;
63601;ET;MTN;https://www.ethiotelecom.et;;
64104;UG;Tangerine;http://tangerine.co.ug;;
65001;MW;TNM;https://www.tnm.co.mw;;
65102;LS;Econet Telecom;https://www.etl.co.ls;;
65508;ZA;Cell C;http://www.cellc.co.za/support/setup/iphone;CellC_za;
65538;ZA;rain;https://www.rain.co.za;65538/65573/65574;
65573;ZA;rain;https://www.rain.co.za;65538/65573/65574;
65574;ZA;rain;https://www.rain.co.za;65538/65573/65574;
72417;BR;Surf Telecom;https://www.surf.com.br/;;
72429;BR;Unifique;https://unifique.com.br;;
72477;BR;Brisanet;https://www.brisanet.com.br;;
73402;VE;Digitel;https://www.digitel.com.ve;;
74002;EC;CNT Mobile;http://www.cnt.gob.ec;;
208091;FR;;;;
214003;ES;;;;
255702;UA;J&W;;;
302150;CA;Cogeco;https://www.cogeco.ca/en;;
302330;CA;Openmobile;https://www.openmobile.ca;;
302340;CA;Execulink;https://www.execulink.ca/;;
302620;CA;ICE Wireless;https://www.icewireless.com;;
310040;US;Mobi;http://mobi.com;Mobi;
310320;US;Cellular One;https://mycellularone.com;;
310340;US;Limitless Mobile;https://limitlessmobile.com;310340/310690/311600/312180;
310420;US;World Mobile;https://worldmobile.io;;
310690;US;Limitless Mobile;https://limitlessmobile.com;310340/310690/311600/312180;
310990;US;Evolve Broadband;https://evolvebroadband.com;;
311080;US;Pine Cellular;https://www.pinecellular.com;;
311210;US;Telnyx;https://telnyx.com;;
311240;US;Cordova;https://ctcak.net/;;
311500;US;Mobi;http://mobi.com;Mobi;
311530;US;WorldCell;http://www.worldcell.com;;
311560;US;OTZ Cellular;https://otz.net;;
311600;US;Limitless Mobile;https://limitlessmobile.com;310340/310690/311600/312180;
311670;US;Pine Belt Wireless;https://pinebelt.net;;
312180;US;Limitless Mobile;https://limitlessmobile.com;310340/310690/311600/312180;
312720;US;Southern LINC;https://www.southernlinc.com;;
313260;US;Expeto Wireless;https://www.expeto.io;;
313380;US;OptimERA;http://optimera.us;;
313460;US;Mobi;http://mobi.com;Mobi;
313930;US;Rock Wireless;https://www.standingrocktelecom.com;;
314330;US;Nova Labs;;;
314360;US;Oceus Networks;https://oceus.io;;
314440;US;TGS;http://www.tgs-net.com;;
314720;US;OXIO;https://oxio.com;;
314730;US;TextNow;https://www.textnow.com;;
314970;US;Popcorn;https://www.popcorn.space;314970;
334140;MX;Red Compartida;https://www.sct.gob.mx/red-compartida/;;
334160;MX;Televisión Internacional;http://www.cablevision.com.mx;;
334170;MX;OXIO Mobile;https://oxio.com/;;
334230;MX;vinoc;https://vinoc.mx;;
346007;KY;Paradise Mobile;https://paradisemobile.ky;;
425009;IL;We4G;https://we-com.co.il;;
425019;IL;019 Mobile;https://019mobile.com;;
441216;JP;Eureka Wireless;https://eurekawireless.com;;
502150;MY;Tune Talk;https://www.tunetalk.com;;
502153;MY;unifi;https://unifi.com.my;;
724040;BR;Telecall;https://www.telecall.com/;;
20614_GID1-0E;BE;;;
24215_GID1-0E;NO;;;
20803_GID1-0001;FR;Onoff;https://www.onoff.app;;
313460_GID1-7911;US;Popcorn;https://www.popcorn.space;314970;
311500_GID1-6624;US;Mobi;http://mobi.com;Mobi;
52002_GID1-02;TH;;;;
23418_GID1-6764;GB;;;;
302480_GID1-01;CA;SSi Canada;https://www.ssicanada.com/;;
310040_GID1-6624;US;Mobi;http://mobi.com;Mobi;
27201_GID1-0A;IE;An Post;https://www.anpost.com/Mobile;27201_GID1-0A_GID2-FF;
27201_GID1-0A_GID2-FF;IE;An Post;https://www.anpost.com/Mobile;27201_GID1-0A_GID2-FF;
72451_GID1-65;BR;;;;
311588_GID1-2273;US;Cape;https://www.cape.co;311588_GID1-2273/314560_GID1-2273;
311588_GID1-7911;US;Popcorn;https://www.popcorn.space;314970;
313460_GID1-6624;US;Mobi;http://mobi.com;Mobi;
24050_GID1-0E;SE;;;;
302480_GID1-02;CA;;;;
24006_GID1-0E;SE;;;;
26226_GID1-53414C412D44453031;DE;
314560_GID1-2273;US;Cape;https://www.cape.co;311588_GID1-2273/314560_GID1-2273;
72451_GID1-42;BR;;;;
44024_GID1-9424;JP;BlueMobile;bluemobile.blue;;
311588_GID1-6624;US;Mobi;http://mobi.com;Mobi;
27211_GID1-FFFFFF_GID2-FFFFFF;IE;48 Mobile;https://48.ie;;

//manualy tagged using wikipedia, apn urls and random links inside bundles
//i spent way too much time on this, shameless plug uwu https://github.com/cupboardunderscore
